scaf: scarf
ghosw: ghost
ohost: ghost
ghosa: ghost
ghost: ghost
ghos: ghost
thost: ghost
wallots: wallets
wall: wallets
walnets: wallets
wallets: wallets
wzllets: wallets
wkllets: wallets
manqavar: manyavar
manygvar: manyavar
many: manyavar
manyavac: manyavar
manyavar: manyavar
mapyavar: manyavar
peakew: peaked
peakee: peaked
paaked: peaked
peawed: peaked
peaked: peaked
peak: peaked
rrst: rust
ruet: rust
rbst: rust
rusk: rust
dust: rust
rust: rust
sapphiee: sapphire
sapphire: sapphire
scpphire: sapphire
skpphire: sapphire
sapp: sapphire
vapphire: sapphire
zodisc: zodiac
zodiac: zodiac
zfdiac: zodiac
zoviac: zodiac
vodiac: zodiac
zodi: zodiac
grom: prom
pwom: prom
prom: prom
nrom: prom
vrom: prom
prop: prom
qggshell: eggshell
eggs: eggshell
eggshell: eggshell
eggsbell: eggshell
eggshely: eggshell
gggshell: eggshell
peac: peach
pewcock: peacock
peacocy: peacock
peacock: peacock
pegcock: peacock
peacoqk: peacock
zace: face
tace: face
facw: face
face: face
pace: face
faae: face
sxndals: sandals
saldals: sandals
sdndals: sandals
sand: sand
sandags: sandals
sandals: sandals
spnrtswear: sportswear
sportwwear: sportswear
spormswear: sportswear
sportswqar: sportswear
spor: sporting
sportswear: sportswear
coff: coffee
coffee: coffee
coffke: coffee
hoffee: coffee
cofcee: coffee
eoffee: coffee
raynond: raymond
rgymond: raymond
raym: raymond
raymond: raymond
iaymond: raymond
raymono: raymond
gain: gainsboro
gainsooro: gainsboro
gaintboro: gainsboro
gainsboro: gainsboro
gainuboro: gainsboro
sainsboro: gainsboro
broguen: brogues
brognes: brogues
brogues: brogues
broguea: brogues
trogues: brogues
brog: brogues
aufti: mufti
mufti: mufti
muftw: mufti
mpfti: mufti
mufni: mufti
muft: mufti
Ghaara: Ghagra
Ghaira: Ghagra
Ghag: Ghagra
xhagra: Ghagra
Ghagra: Ghagra
yhagra: Ghagra
maro: maroon
mamoon: maroon
maroon: maroon
paroon: maroon
macoon: maroon
raroon: maroon
indi: indigo
wndian: indian
iodian: indian
endian: indian
iwdian: indian
indian: indian
peter: peter
pdter: peter
petar: peter
petew: peter
neter: peter
pete: peter
hurley: hurley
hurlev: hurley
hurcey: hurley
hurl: hurley
hyrley: hurley
hvrley: hurley
beonie: beanie
bean: beanies
beanie: beanie
bfanie: beanie
btanie: beanie
beaniw: beanie
arjy: army
abmy: army
aamy: army
army: army
avmy: army
vrmy: army
driuing: driving
draving: driving
driv: driving
ariving: driving
driving: driving
drivihg: driving
swimwear: swimwear
ssimwear: swimwear
syimwear: swimwear
swim: swimwear
sgimwear: swimwear
swimwdar: swimwear
criwneck: crewneck
cruwneck: crewneck
crewneck: crewneck
crew: crewneck
crawneck: crewneck
crswneck: crewneck
amelican: american
amerbcan: american
amjrican: american
amezican: american
amer: american
american: american
laurez: lauren
lxuren: lauren
laur: lauren
luuren: lauren
ladren: lauren
lauren: lauren
lingerie: lingerie
ling: lingerie
lingyrie: lingerie
likgerie: lingerie
lingerix: lingerie
lingemie: lingerie
Skerwani: Sherwani
fherwani: Sherwani
Sher: Sherwani
Sherwani: Sherwani
Sherxani: Sherwani
Shkrwani: Sherwani
huedreds: hundreds
hund: hundreds
hundrees: hundreds
handreds: hundreds
hundreds: hundreds
hindreds: hundreds
aiber: amber
abber: amber
amber: amber
ambe: amber
agber: amber
ambeb: amber
booicut: bootcut
bootcct: bootcut
bootcut: bootcut
bowtcut: bootcut
boot: boots
bxotcut: bootcut
waisecoats: waistcoats
wasstcoats: waistcoats
waisbcoats: waistcoats
waistcoats: waistcoats
waistcoits: waistcoats
wais: waisted
suspevders: suspenders
suspendebs: suspenders
suspendeqs: suspenders
suspendets: suspenders
suspenders: suspenders
susp: suspenders
work: workwear
workwear: workwear
wolkwear: workwear
korkwear: workwear
worpwear: workwear
workyear: workwear
maxl: maxi
oaxi: maxi
gaxi: maxi
maxi: maxi
mawi: maxi
qaxi: maxi
chiuos: chinos
chin: chinos
chiios: chinos
chinos: chinos
chvnos: chinos
chinvs: chinos
pant: pant
panthloons: pantaloons
pantaloons: pantaloons
kantaloons: pantaloons
pantaloonh: pantaloons
oantaloons: pantaloons
flaf: flat
flaa: flat
fnat: flat
flav: flat
flat: flats
flag: flat
bibb: biba
eiba: biba
bibu: biba
biba: biba
baba: biba
bvba: biba
puefer: puffer
puffer: puffer
plffer: puffer
puxfer: puffer
puff: puffer
puffej: puffer
peri: peridot
perkwinkle: periwinkle
periwinkle: periwinkle
perieinkle: periwinkle
perininkle: periwinkle
pkriwinkle: periwinkle
westeon: western
west: western
westcrn: western
western: western
westnrn: western
westhrn: western
ftared: flared
flaoed: flared
flar: flared
flared: flared
flarvd: flared
flarev: flared
fjallravef: fjallraven
fjallryven: fjallraven
fjallravxn: fjallraven
fjallraven: fjallraven
fjallyaven: fjallraven
fjal: fjallraven
magernity: maternity
mvternity: maternity
mate: maternity
mpternity: maternity
maternmty: maternity
maternity: maternity
burgundl: burgundy
burgubdy: burgundy
burg: burgundy
burgunyy: burgundy
burgundy: burgundy
burcundy: burgundy
rzd: red
ded: red
ree: red
red: red
rbd: red
rel: red
caego: cargo
cahgo: cargo
carqo: cargo
carg: cargo
carfo: cargo
cargo: cargo
champamne: champagne
champagnd: champagne
ceampagne: champagne
cham: champion
chaxpagne: champagne
champagne: champagne
straivht: straight
straight: straight
stra: strap
straihht: straight
ftraight: straight
rtraight: straight
flewce: fleece
fleece: fleece
fleecq: fleece
flee: fleece
fdeece: fleece
fleete: fleece
fjshion: fashion
fashirn: fashion
fashion: fashion
fishion: fashion
fash: fashion
fakhion: fashion
shoyts: shorts
shor: short
shorts: shorts
shsrts: shorts
shores: shorts
storts: shorts
lulu: lululemon
lzlulemon: lululemon
luxulemon: lululemon
lululemon: lululemon
lululedon: lululemon
luhulemon: lululemon
spri: spring
sprinh: spring
spriag: spring
kpring: spring
spring: spring
sprinr: spring
mvx: max
dax: max
cax: max
aax: max
mag: max
max: max
afhletic: athletic
athlttic: athletic
athl: athletic
athletip: athletic
nthletic: athletic
athletic: athletic
bomb: bomber
bopber: bomber
bofber: bomber
aomber: bomber
bombeo: bomber
bomber: bomber
Dhobi: Dhoti
whoti: Dhoti
Dhot: Dhoti
Dhoti: Dhoti
Dhoii: Dhoti
jhoti: Dhoti
peycoats: peacoats
peaczats: peacoats
peacoats: peacoats
peacoots: peacoats
peaconts: peacoats
plur: plum
plwm: plum
pluw: plum
plum: plum
pgum: plum
slum: plum
henldy: henley
henl: henley
hegley: henley
hetley: henley
henley: henley
ienley: henley
ponc: ponchos
poncros: ponchos
ponchon: ponchos
ponchou: ponchos
honchos: ponchos
ponchos: ponchos
silvec: silver
silv: silver
sipver: silver
silvlr: silver
shlver: silver
silver: silver
kelly: kelly
kell: kelly
kellz: kelly
kellt: kelly
keley: kelly
ketly: kelly
cweaters: sweaters
sweaters: sweaters
sweaqers: sweaters
swea: sweatpants
sweaners: sweaters
sweacers: sweaters
honte: monte
monte: monte
mont: monte
mohte: monte
moste: monte
monta: monte
dupattos: dupattas
dupa: dupattas
duprttas: dupattas
dudattas: dupattas
dupattas: dupattas
dupnttas: dupattas
ljg: leg
keg: leg
lmg: leg
leg: leg
lex: leg
ueg: leg
davy: navy
nnvy: navy
nmvy: navy
navy: navy
nava: navy
nary: navy
nila: fila
fina: fila
tila: fila
fila: fila
fqla: fila
fiya: fila
plvin: plain
peain: plain
plawn: plain
plai: plain
plain: plain
plaiu: plain
elem: element
elemcnt: element
element: element
efement: element
ehement: element
ewement: element
verm: vermilion
verzilion: vermilion
vvrmilion: vermilion
vermilion: vermilion
vxrmilion: vermilion
lermilion: vermilion
sccrves: scarves
skarves: scarves
scarces: scarves
scarves: scarves
scarvef: scarves
scar: scarlet
copper: copper
cfpper: copper
copyer: copper
copp: copper
yopper: copper
copser: copper
djsi: desi
desi: designer
deci: desi
dest: desi
depi: desi
desv: desi
squarls: squares
squares: squares
sqmares: squares
squa: squares
squarys: squares
squarey: squares
seaffam: seafoam
seaf: seafoam
seafoam: seafoam
peafoam: seafoam
secfoam: seafoam
srafoam: seafoam
Lunri: Lungi
Lzngi: Lungi
Lpngi: Lungi
Lungi: Lungi
Lung: Lungi
Lkngi: Lungi
pmnk: pink
ptnk: pink
piak: pink
tink: pink
qink: pink
pink: pink
decathlon: decathlon
decathlok: decathlon
tecathlon: decathlon
decathloy: decathlon
deca: decathlon
decathlor: decathlon
cumjerbunds: cummerbunds
cugmerbunds: cummerbunds
cumm: cummerbunds
cummerbunds: cummerbunds
pummerbunds: cummerbunds
cuxmerbunds: cummerbunds
sveepwear: sleepwear
slee: sleeveless
slkepwear: sleepwear
sleepwear: sleepwear
szeepwear: sleepwear
sleephear: sleepwear
moss: moss
miss: moss
toss: moss
foss: moss
mogs: moss
mcss: moss
mahy: mary
mary: mary
marf: mary
mbry: mary
mare: mary
mcry: mary
rippid: ripped
ripped: ripped
ripsed: ripped
ripp: ripped
rippxd: ripped
ripppd: ripped
rorest: forest
fouest: forest
jorest: forest
fore: forest
gorest: forest
forest: forest
uhambray: chambray
chambray: chambray
xhambray: chambray
cvambray: chambray
chambrao: chambray
partq: party
parto: party
pprty: party
party: party
pawty: party
part: party
agricot: apricot
abricot: apricot
apriczt: apricot
apri: apricot
apyicot: apricot
apricot: apricot
cdramel: caramel
cara: caramel
carayel: caramel
caratel: caramel
caramen: caramel
caramel: caramel
blush: blush
bfush: blush
bluss: blush
blus: blush
ilush: blush
olush: blush
khak: khaki
khaki: khaki
khasi: khaki
klaki: khaki
kaaki: khaki
kiaki: khaki
strop: strap
strsp: strap
strap: strap
mtrap: strap
svrap: strap
bloral: floral
lloral: floral
floral: floral
florql: floral
flor: floral
floraf: floral
briedcases: briefcases
briefyases: briefcases
bribfcases: briefcases
brie: briefcases
briefcases: briefcases
eriefcases: briefcases
shasls: shawls
shaw: shawls
shawls: shawls
shtwls: shawls
shawlt: shawls
sqawls: shawls
roxh: roxy
rofy: roxy
roxz: roxy
roxy: roxy
rozy: roxy
coxy: roxy
moccasinj: moccasins
hoccasins: moccasins
mocctsins: moccasins
moccasins: moccasins
roccasins: moccasins
mocc: moccasins
qcarlet: scarlet
skarlet: scarlet
scarleh: scarlet
scarlet: scarlet
scarleo: scarlet
ivor: ivory
ilory: ivory
fvory: ivory
ioory: ivory
ivury: ivory
ivory: ivory
skr: sky
tky: sky
svy: sky
gky: sky
sky: sky
skk: sky
toistle: thistle
ehistle: thistle
thistee: thistle
this: thistle
thistlm: thistle
thistle: thistle
taupe: taupe
taupi: taupe
faupe: taupe
taup: taupe
taupn: taupe
tuupe: taupe
plus: plus
dlus: plus
plue: plus
pwus: plus
pluf: plus
phus: plus
jce: ice
ice: ice
ibe: ice
icm: ice
ick: ice
icr: ice
gowrs: gowns
gowfs: gowns
gownj: gowns
gowns: gowns
gown: gowns
goins: gowns
turq: turquoise
turquoise: turquoise
nurquoise: turquoise
turhuoise: turquoise
turquoist: turquoise
turqvoise: turquoise
bbots: boots
botts: boots
ooots: boots
bofts: boots
boots: boots
litale: little
lkttle: little
litt: little
lqttle: little
lxttle: little
little: little
brndhgalas: bandhgalas
bandhgalab: bandhgalas
bxndhgalas: bandhgalas
bandhgalar: bandhgalas
bandhgalas: bandhgalas
band: bandhgalas
nikd: nike
ngke: nike
jike: nike
noke: nike
nike: nike
niku: nike
Kameez: Kameez
Kame: Kameez
Kazeez: Kameez
Kameeq: Kameez
Kamezz: Kameez
Kampez: Kameez
joodies: hoodies
howdies: hoodies
hoories: hoodies
hoodies: hoodies
ooodies: hoodies
hood: hoodies
byrets: berets
bere: berets
bereks: berets
berets: berets
bereti: berets
terets: berets
nops: tops
tops: tops
topb: tops
hops: tops
taps: tops
toph: tops
qellow: yellow
yellow: yellow
yell: yellow-green
yellot: yellow
yemlow: yellow
cellow: yellow
sneakers: sneakers
snickers: sneakers
sneekers: sneaker
snea: sneakerheads
sneakeys: sneakers
wneakers: sneakers
sneauers: sneakers
sneabers: sneakers
vests: vests
vewts: vests
velts: vests
vest: vests
vemts: vests
vfsts: vests
chartreuse: chartreuse
chartrtuse: chartreuse
charxreuse: chartreuse
chartrruse: chartreuse
churtreuse: chartreuse
char: charcoal
suijs: suits
suits: suits
suitg: suits
suias: suits
fuits: suits
suit: suits
sraphic: graphic
giaphic: graphic
wraphic: graphic
graphic: graphic
graptic: graphic
grap: grape
gaby: baby
babr: baby
babo: baby
baby: baby
qaby: baby
bafy: baby
baat: boat
bolt: boat
boat: boater
bowt: boat
zoat: boat
boaj: boat
shurt: short
uhort: short
sport: short
srort: short
short: short
turtljnecks: turtlenecks
turtlenucks: turtlenecks
tyrtlenecks: turtlenecks
nurtlenecks: turtlenecks
turt: turtlenecks
turtlenecks: turtlenecks
reeook: reebok
reebok: reebok
rqebok: reebok
reeb: reebok
teebok: reebok
reebpk: reebok
salwar: salwar
salw: salwar
salwir: salwar
sflwar: salwar
salwer: salwar
saowar: salwar
ruby: ruby
rcby: ruby
ruvy: ruby
juby: ruby
rudy: ruby
ruoy: ruby
cotton: cotton
totton: cotton
cytton: cotton
jotton: cotton
gotton: cotton
cott: cotton
futton: button
bdtton: button
button: button
bftton: button
butt: button
buttoy: button
slapback: snapback
snapbnck: snapback
snapbuck: snapback
snapback: snapback
snapkack: snapback
snap: snapback
emenald: emerald
emeralp: emerald
emerald: emerald
emirald: emerald
emer: emerald
emervld: emerald
cime: lime
live: lime
lime: lime
limo: lime
lipe: lime
lgme: lime
fltp: flip
flyp: flip
fliz: flip
flip: flip
fliw: flip
frip: flip
belws: belts
belt: belts
bslts: belts
belts: belts
belns: belts
bflts: belts
oraqge: orange
oran: orange
oranoe: orange
ornnge: orange
orpnge: orange
orange: orange
allem: allen
allen: allen
aglen: allen
allsn: allen
allel: allen
alle: allen
electric: electric
electrzc: electric
electrjc: electric
elec: electric
eleotric: electric
eleckric: electric
culo: culottes
culottec: culottes
culottes: culottes
culojtes: culottes
julottes: culottes
culotter: culottes
terr: terrain
terracottk: terracotta
terhacotta: terracotta
terracotta: terracotta
terracwtta: terracotta
terracotto: terracotta
hurta: Kurta
Kuxta: Kurta
Kkrta: Kurta
Kprta: Kurta
Kurta: Kurta
Kurt: Kurta
arcaie: arcade
arcsde: arcade
arcade: arcade
arfade: arcade
arca: arcade
arcwde: arcade
pugpkin: pumpkin
psmpkin: pumpkin
pumpkix: pumpkin
puepkin: pumpkin
pump: pumpkin
pumpkin: pumpkin
zalando: zalando
zala: zalando
zalapdo: zalando
zalyndo: zalando
zawando: zalando
zalaido: zalando
ptcket: pocket
pocket: pocket
porket: pocket
pdcket: pocket
prcket: pocket
pock: pocket
jebns: jeans
jnans: jeans
jerns: jeans
jeans: jeans
jeags: jeans
jean: jeans
winter: winter
wintsr: winter
wint: winter
ninter: winter
wintef: winter
uinter: winter
romp: rompers
rumpers: rompers
rogpers: rompers
rompers: rompers
romprrs: rompers
uompers: rompers
weaj: wear
wedr: wear
zear: wear
iear: wear
dear: wear
wear: wear
ware: wear
chelsca: chelsea
chel: chelsea
chelsda: chelsea
chelsel: chelsea
chelsea: chelsea
vhelsea: chelsea
winfbreakers: windbreakers
wind: windbreakers
windbreakmrs: windbreakers
wijdbreakers: windbreakers
windbreakerc: windbreakers
windbreakers: windbreakers
supemdry: superdry
supe: superdry
supjrdry: superdry
superpry: superdry
suberdry: superdry
superdry: superdry
sttel: steel
iteel: steel
steel: steel
sheel: steel
stee: steel
stees: steel
evdning: evening
ehening: evening
eveaing: evening
eveniog: evening
even: evening
evening: evening
ascotk: ascots
fscots: ascots
vscots: ascots
apcots: ascots
asco: ascots
ascots: ascots
espadrrlles: espadrilles
espadrilles: espadrilles
espa: espadrilles
ewpadrilles: espadrilles
espagrilles: espadrilles
zspadrilles: espadrilles
billabong: billabong
bill: billabong
bilqabong: billabong
biglabong: billabong
bilgabong: billabong
bilxabong: billabong
carlo: carlo
carlw: carlo
zarlo: carlo
cnrlo: carlo
carro: carlo
carl: carlo
zerulean: cerulean
ceru: cerulean
rerulean: cerulean
cerulean: cerulean
cerudean: cerulean
celulean: cerulean
lmce: lace
lace: lace
lece: lace
lacg: lace
lahe: lace
lave: lavender
summjr: summer
summ: summer
sommer: summer
summea: summer
summer: summer
sumuer: summer
rasncoats: raincoats
rain: rain
zaincoats: raincoats
raincoaps: raincoats
raincoats: raincoats
raihcoats: raincoats
minu: mint
miet: mint
mipt: mint
minb: mint
mint: mint
mine: mint
cowboj: cowboy
covboy: cowboy
comboy: cowboy
cowb: cowboy
cowboy: cowboy
dowboy: cowboy
inhigo: indigo
indigo: indigo
indigl: indigo
indxgo: indigo
cndigo: indigo
aqba: aqua
aqua: aquamarine
aqza: aqua
auua: aqua
aqma: aqua
avua: aqua
brhwn: brown
browj: brown
brow: brown
brokn: brown
brown: brown
browc: brown
Banmhgala: Bandhgala
Baddhgala: Bandhgala
Band: Bandhgala
Bandhgala: Bandhgala
Bandhgalz: Bandhgala
Bandhgjla: Bandhgala
antiqae: antique
antiqui: antique
anti: antique
antilue: antique
antisue: antique
antique: antique
avocbdo: avocado
abocado: avocado
avocabo: avocado
avtcado: avocado
avocado: avocado
avoc: avocado
waisded: waisted
waisoed: waisted
waifted: waisted
waisted: waisted
wailted: waisted
volcow: volcom
voqcom: volcom
volcjm: volcom
eolcom: volcom
volcom: volcom
volc: volcom
ouverwear: outerwear
outgrwear: outerwear
outerwnar: outerwear
oute: outerwear
outerwear: outerwear
outerwezr: outerwear
kimonos: kimonos
kimonoo: kimonos
kvmonos: kimonos
kimynos: kimonos
kimo: kimonos
klmonos: kimonos
combas: combat
comtat: combat
combat: combat
combft: combat
comb: combat
comsat: combat
whitw: white
whbte: white
whide: white
white: white
whit: white
fhite: white
quiksicver: quiksilver
quik: quiksilver
quilsilver: quiksilver
quiksilver: quiksilver
quiksilxer: quiksilver
qhiksilver: quiksilver
Cuoli: Choli
Czoli: Choli
Choyi: Choli
Choli: Choli
Chol: Choli
Chnli: Choli
defim: denim
deni: denim
dznim: denim
denvm: denim
denim: denim
dwnim: denim
fire: firebrick
fmrebrick: firebrick
fsrebrick: firebrick
firebricq: firebrick
firebriwk: firebrick
firebrick: firebrick
midnight: midnight
midnxght: midnight
midnignt: midnight
midn: midnight
midnigct: midnight
midnmght: midnight
xallet: ballet
ballel: ballet
ballet: ballet
baclet: ballet
ball: ballet
balxet: ballet
dxwn: down
uown: down
dozn: down
down: down
dovn: down
qown: down
spple: apple
apple: apple
appoe: apple
appie: apple
appl: apple
apwle: apple
wrape: wraps
wrdps: wraps
wzaps: wraps
wraps: wraps
wrkps: wraps
wrap: wraps
allce: alice
aoice: alice
alic: alice
alice: alice
alics: alice
aliie: alice
pear: pearl
pdarl: pearl
pearr: pearl
pearl: pearl
psarl: pearl
peakl: pearl
coat: coats
couts: coats
czats: coats
coais: coats
copts: coats
coats: coats
parkaa: parkas
park: park
qarkas: parkas
pazkas: parkas
pajkas: parkas
parkas: parkas
solvy: solly
soqly: solly
oolly: solly
soll: solly
sollu: solly
solly: solly
newsboy: newsboy
news: newsboy
newoboy: newsboy
neasboy: newsboy
newsbcy: newsboy
neweboy: newsboy
slirts: skirts
skurts: skirts
skirts: skirts
skir: skirts
sgirts: skirts
szirts: skirts
bacmpacks: backpacks
backpacks: backpacks
bmckpacks: backpacks
backpajks: backpacks
aackpacks: backpacks
back: backpacks
fish: fishnet
iishnet: fishnet
fishnet: fishnet
fisrnet: fishnet
fiuhnet: fishnet
fishcet: fishnet
vnit: knit
knil: knit
knzt: knit
kbit: knit
kjit: knit
knit: knit
fabindin: fabindia
fabi: fabindia
faxindia: fabindia
fabendia: fabindia
fabineia: fabindia
fabindia: fabindia
busi: business
busijess: business
business: business
businyss: business
bpsiness: business
buciness: business
terrarn: terrain
terraiz: terrain
tertain: terrain
terrain: terrain
tvrrain: terrain
oxemberg: oxemberg
oxemberq: oxemberg
oxem: oxemberg
bxemberg: oxemberg
oxembirg: oxemberg
oxembeyg: oxemberg
provogue: provogue
provogui: provogue
prov: provogue
pvovogue: provogue
projogue: provogue
provooue: provogue
tomato: tomato
eomato: tomato
tomqto: tomato
toma: tomato
tomaqo: tomato
tomatv: tomato
kilfiger: hilfiger
hilfiger: hilfiger
hilfkger: hilfiger
hirfiger: hilfiger
higfiger: hilfiger
hilf: hilfiger
crea: cream
cream: cream
qream: cream
crehm: cream
tream: cream
crwam: cream
disoressed: distressed
distfessed: distressed
disyressed: distressed
distressed: distressed
dist: distressed
dzstressed: distressed
bowhooman: boohooman
byohooman: boohooman
boohocman: boohooman
boohoomaa: boohooman
boohooman: boohooman
booh: boohooman
slim: slim
sliw: slim
snim: slim
slia: slim
sliy: slim
slmm: slim
earle: eagle
eagle: eagle
eagl: eagle
eaglv: eagle
eafle: eagle
ergle: eagle
dhotis: dhotis
rhotis: dhotis
dhotzs: dhotis
ihotis: dhotis
dhot: dhotis
dhotij: dhotis
uormal: formal
foraal: formal
formal: formal
form: formal
formac: formal
formwl: formal
slip: slippers
slhppers: slippers
slipuers: slippers
slippers: slippers
slippnrs: slippers
sleppers: slippers
patagosia: patagonia
pctagonia: patagonia
pata: patagonia
patagonia: patagonia
patagonja: patagonia
qatagonia: patagonia
pirses: purses
pursez: purses
purs: purses
pursus: purses
aurses: purses
purses: purses
capri: capri
caprv: capri
capr: capri
capwi: capri
caprf: capri
catri: capri
mrop: crop
crop: cropped
drop: crop
croy: crop
crzp: crop
trop: crop
ovaralls: overalls
overalls: overalls
over: overalls
overallx: overalls
oaeralls: overalls
ooeralls: overalls
must: mustard
mustrrd: mustard
mustard: mustard
mugtard: mustard
yustard: mustard
oustard: mustard
cravabs: cravats
cravzts: cravats
cravatb: cravats
cravats: cravats
crav: cravats
crapats: cravats
kahogany: mahogany
mahoganx: mahogany
maho: mahogany
mahoganf: mahogany
marogany: mahogany
mahogany: mahogany
bisq: bisque
btsque: bisque
xisque: bisque
bisrue: bisque
bdsque: bisque
bisque: bisque
charcoal: charcoal
uharcoal: charcoal
chrrcoal: charcoal
chcrcoal: charcoal
chyrcoal: charcoal
casutl: casual
casu: casual
casual: casual
uasual: casual
capual: casual
casuat: casual
nie: tie
tye: tie
tim: tie
tie: tie
tif: tie
tio: tie
ostfitters: outfitters
ounfitters: outfitters
outfitters: outfitters
outf: outfitters
outfitteqs: outfitters
outpitters: outfitters
yellow-gveen: yellow-green
yellow-green: yellow-green
yellow-areen: yellow-green
yellnw-green: yellow-green
yellow-grexn: yellow-green
wedgo: wedge
wjdge: wedge
wedge: wedge
wedg: wedge
wodge: wedge
wddge: wedge
orch: orchid
orchsd: orchid
lrchid: orchid
orchid: orchid
orchnd: orchid
grchid: orchid
sserwanis: sherwanis
sher: sherwanis
eherwanis: sherwanis
sherwanis: sherwanis
sherranis: sherwanis
sherwangs: sherwanis
slidvs: slides
sxides: slides
slid: slides
slidek: slides
slides: slides
slidys: slides
stockinjs: stockings
stoc: stockings
ctockings: stockings
qtockings: stockings
stockings: stockings
stockjngs: stockings
lfmon: lemon
lemo: lemon
uemon: lemon
lemon: lemon
lkmon: lemon
leyon: lemon
beanies: beanies
geanies: beanies
beantes: beanies
bednies: beanies
neanies: beanies
fllts: flats
flats: flats
flajs: flats
rlats: flats
flaws: flats
mili: military
milivary: military
militarb: military
military: military
milityry: military
militamy: military
Anvrkali: Anarkali
Anar: Anarkali
Anarkali: Anarkali
gnarkali: Anarkali
Anaxkali: Anarkali
wnarkali: Anarkali
salcon: salmon
sawmon: salmon
sakmon: salmon
salm: salmon
salmon: salmon
salron: salmon
roya: royal
rowal: royal
royal: royal
rsyal: royal
royzl: royal
royac: royal
tehirt: tshirt
tshirt: tshirt
tshi: tshirt
mshirt: tshirt
tshgrt: tshirt
tshirj: tshirt
sleevs: sleeve
rleeve: sleeve
sleevj: sleeve
sleeve: sleeve
slerve: sleeve
jewelry: jewelry
jewelrg: jewelry
jewmlry: jewelry
jewelrn: jewelry
jewe: jewelry
jcwelry: jewelry
sets: sets
sems: sets
seds: sets
setx: sets
sexs: sets
sebs: sets
grey: grey
grzy: grey
gqey: grey
grmy: grey
grny: grey
gley: grey
tommv: tommy
tommy: tommy
tomm: tommy
tommb: tommy
iommy: tommy
lommy: tommy
platfzrm: platform
platform: platform
plrtform: platform
platdorm: platform
plat: platform
plavform: platform
wmde: wide
wpde: wide
wide: wide
eide: wide
wjde: wide
gide: wide
adbdas: adidas
aeidas: adidas
adidas: adidas
xdidas: adidas
adxdas: adidas
adid: adidas
adida: adidas
dress: dress
dres: dresses
wress: dress
fress: dress
dresn: dress
hress: dress
guit: Suit
Suht: Suit
Suii: Suit
Suit: Suit
vuit: Suit
Suiy: Suit
dimks: dicks
dmcks: dicks
dicks: dicks
dicke: dicks
uicks: dicks
dick: dicks
panamh: panama
panamw: panama
pana: panama
panbma: panama
panama: panama
panlma: panama
cufflinkg: cufflinks
cbfflinks: cufflinks
cuffltnks: cufflinks
cufflinkm: cufflinks
cuff: cufflinks
cufflinks: cufflinks
piss: pins
pius: pins
pinr: pins
pins: pins
puns: pins
ptns: pins
fuchvia: fuchsia
fuchsda: fuchsia
fuchsva: fuchsia
fuch: fuchsia
fuchsia: fuchsia
fuuhsia: fuchsia
watchcs: watches
watbhes: watches
watchfs: watches
watches: watches
watc: watches
watqhes: watches
vanilba: vanilla
vanilla: vanilla
banilla: vanilla
vgnilla: vanilla
vunilla: vanilla
vani: vanilla
burtou: burton
zurton: burton
burtoy: burton
burton: burton
bvrton: burton
burt: burton
piqe: pine
pihe: pine
qine: pine
pinc: pine
pine: pine
pane: pine
phibippe: philippe
philippe: philippe
philippa: philippe
phil: philippe
chilippe: philippe
pzilippe: philippe
crimxon: crimson
crim: crimson
crimson: crimson
grimson: crimson
chimson: crimson
crimsox: crimson
gogd: gold
gcld: gold
gold: gold
gotd: gold
goid: gold
jold: gold
jungme: jungle
jung: jungle
nungle: jungle
jkngle: jungle
xungle: jungle
jungle: jungle
dieser: diesel
dierel: diesel
diesql: diesel
dies: diesel
diesel: diesel
diesjl: diesel
designer: designer
designhr: designer
designyr: designer
dewigner: designer
desegner: designer
activewear: activewear
astivewear: activewear
actpvewear: activewear
acti: activewear
aitivewear: activewear
acdivewear: activewear
stussy: stussy
stus: stussy
saussy: stussy
sjussy: stussy
stissy: stussy
studsy: stussy
mules: mules
muses: mules
mule: mules
iules: mules
jules: mules
mulqs: mules
ankye: ankle
anile: ankle
ynkle: ankle
ankle: ankle
ankl: ankle
ankli: ankle
cinn: cinnamon
cinnmmon: cinnamon
cinnamon: cinnamon
cinnsmon: cinnamon
minnamon: cinnamon
cinfamon: cinnamon
bleeveless: sleeveless
sleevelems: sleeveless
sleeveless: sleeveless
sletveless: sleeveless
szeeveless: sleeveless
corkflower: cornflower
cornflowkr: cornflower
aornflower: cornflower
cornflxwer: cornflower
cornflower: cornflower
corn: cornflower
lifestyle: lifestyle
lifesdyle: lifestyle
lifejtyle: lifestyle
lifessyle: lifestyle
life: lifestyle
lifestylv: lifestyle
sham: shamrock
shamrock: shamrock
shzmrock: shamrock
shamrohk: shamrock
shamrrck: shamrock
saamrock: shamrock
crrow: arrow
arrow: arrow
arrpw: arrow
arrdw: arrow
arbow: arrow
arro: arrow
yheat: wheat
wheat: wheat
whea: wheat
wueat: wheat
whoat: wheat
whtat: wheat
swevtpants: sweatpants
sweatpants: sweatpants
sweatpgnts: sweatpants
sweatptnts: sweatpants
sweatpancs: sweatpants
flycng: flying
flyibg: flying
flyi: flying
fdying: flying
flying: flying
flyqng: flying
peridoj: peridot
peridbt: peridot
peridot: peridot
peridoy: peridot
peqidot: peridot
norkh: north
noith: north
ngrth: north
nortx: north
nort: north
north: north
malaqhite: malachite
malachitl: malachite
malachite: malachite
mawachite: malachite
malacuite: malachite
mala: malachite
tnack: track
grack: track
trac: track
track: track
xrack: track
irack: track
dark: dark
wark: dark
dack: dark
dazk: dark
djrk: dark
dwrk: dark
pawts: pants
pants: pants
sants: pants
paats: pants
pahts: pants
wsdding: wedding
weddinf: wedding
weddung: wedding
wedding: wedding
wedd: wedding
iedding: wedding
shors: shoes
shoes: shoes
shoe: shoes
shyes: shoes
shdes: shoes
bhoes: shoes
gehengas: lehengas
hehengas: lehengas
lehe: lehengas
lehengaf: lehengas
lehengas: lehengas
lehengab: lehengas
Lepenga: Lehenga
Lehinga: Lehenga
Lehe: Lehenga
Lehenga: Lehenga
Lehengq: Lehenga
Lehemga: Lehenga
pwma: puma
wuma: puma
pumx: puma
puma: puma
pumg: puma
kuma: puma
zarf: zara
zada: zara
lara: zara
zsra: zara
zira: zara
zara: zara
Saswar: Salwar
Salgar: Salwar
Satwar: Salwar
Sauwar: Salwar
Salw: Salwar
Salwar: Salwar
skinny: skinny
skgnny: skinny
skinwy: skinny
skcnny: skinny
ykinny: skinny
skin: skinny
blut: blue
slue: blue
vlue: blue
ylue: blue
blfe: blue
blue: blue
crbpped: cropped
crtpped: cropped
cropped: cropped
croppex: cropped
crmpped: cropped
holl: hollister
hollistdr: hollister
hollister: hollister
holllster: hollister
hollisrer: hollister
holoister: hollister
roee: rose
roae: rose
rose: rose
rosj: rose
roke: rose
rosb: rose
loungeiear: loungewear
loufgewear: loungewear
loun: loungewear
loungewead: loungewear
loungewear: loungewear
loungewecr: loungewear
areen: green
grefn: green
gree: green-yellow
grejn: green
green: green
gheen: green
cobalt: cobalt
csbalt: cobalt
copalt: cobalt
cobale: cobalt
coba: cobalt
cpbalt: cobalt
armour: armour
armouw: armour
armozr: armour
armzur: armour
armo: armour
axmour: armour
black: black
blac: black
ulack: black
blact: black
blank: black
bcack: black
blck: black
mfnk: monk
monk: monk
aonk: monk
monw: monk
msnk: monk
mvnk: monk
jumpsuyts: jumpsuits
jump: jumpsuits
jumpsuits: jumpsuits
jpmpsuits: jumpsuits
juqpsuits: jumpsuits
jumasuits: jumpsuits
aintage: vintage
viptage: vintage
vint: vintage
vintagx: vintage
vintage: vintage
vintagk: vintage
engl: england
ejgland: england
eagland: england
england: england
lngland: england
englend: england
ehackets: shackets
shackets: shackets
shac: shackets
shacyets: shackets
scackets: shackets
shxckets: shackets
jaze: jade
jaqe: jade
jade: jade
qade: jade
jake: jade
jnde: jade
chocolste: chocolate
chocovate: chocolate
chocolate: chocolate
chocolbte: chocolate
choc: chocolate
chocosate: chocolate
boatdr: boater
boafer: boater
boater: boater
boager: boater
bojter: boater
wid: mid
yid: mid
mim: mid
pid: mid
miz: mid
mid: mid
sustainabde: sustainable
uustainable: sustainable
sust: sustainable
sustaiwable: sustainable
sustginable: sustainable
sustainable: sustainable
kllin: klein
klein: klein
koein: klein
klexn: klein
klei: klein
kleim: klein
mulb: mulberry
mulbtrry: mulberry
mulberry: mulberry
mulbeyry: mulberry
mulbesry: mulberry
mjlberry: mulberry
ethicar: ethical
uthical: ethical
ethical: ethical
mthical: ethical
etpical: ethical
ethi: ethical
oeford: oxford
oxford: oxford
uxford: oxford
oxforv: oxford
oxfnrd: oxford
oxfo: oxford
glips: clips
clips: clips
jlips: clips
clip: clips
clivs: clips
clils: clips
alnond: almond
almont: almond
almond: almond
almo: almond
clmond: almond
almpnd: almond
nehwu: nehru
nehrn: nehru
nehou: nehru
nehru: nehru
nehr: nehru
nemru: nehru
yand: sand
sajd: sand
kand: sand
sanu: sand
land: sand
tuxedox: tuxedos
tjxedos: tuxedos
tuxegos: tuxedos
tuxedos: tuxedos
tuxe: tuxedos
tdxedos: tuxedos
gnobal: global
global: global
glybal: global
glob: global
globcl: global
gbobal: global
aberbrombie: abercrombie
abercromiie: abercrombie
aberprombie: abercrombie
aberqrombie: abercrombie
abercrombie: abercrombie
aber: abercrombie
brmm: brim
brit: brim
bria: brim
bqim: brim
brpm: brim
brim: brim
rardigans: cardigans
card: cardigans
cardogans: cardigans
cwrdigans: cardigans
cardiaans: cardigans
cardigans: cardigans
grrpe: grape
grapx: grape
orape: grape
gsape: grape
grape: grape
clog: clogs
clogd: clogs
clogs: clogs
clojs: clogs
cxogs: clogs
clous: clogs
urzan: urban
urban: urban
uuban: urban
urba: urban
prban: urban
uaban: urban
yees: tees
pees: tees
tezs: tees
teds: tees
tees: tees
tews: tees
pyja: pyjamas
pykamas: pyjamas
pyjamws: pyjamas
pyjamas: pyjamas
pyoamas: pyjamas
zyjamas: pyjamas
sueglasses: sunglasses
singlasses: sunglasses
sznglasses: sunglasses
sunglasses: sunglasses
sunglaszes: sunglasses
sung: sunglasses
champign: champion
champron: champion
champion: champion
chamdion: champion
champeon: champion
purp: purple
purtle: purple
purplh: purple
purple: purple
lurple: purple
purpse: purple
viso: visors
sisors: visors
vimors: visors
vislrs: visors
vicors: visors
visors: visors
legg: leggings
legginks: leggings
lwggings: leggings
legjings: leggings
leggivgs: leggings
leggings: leggings
baho: boho
xoho: boho
bohh: boho
bohw: boho
coho: boho
boho: boho
sagh: sage
sagj: sage
sabe: sage
soge: sage
zage: sage
sage: sage
olive: olive
olwve: olive
qlive: olive
oliwe: olive
oliv: olive
ollve: olive
mauve: mauve
mauv: mauve
mhuve: mauve
mauvo: mauve
maude: mauve
masve: mauve
embroiderud: embroidered
kmbroidered: embroidered
fmbroidered: embroidered
epbroidered: embroidered
embroidered: embroidered
embr: embroidered
honeyiew: honeydew
hone: honeydew
honeydeh: honeydew
honendew: honeydew
hojeydew: honeydew
honeydew: honeydew
azure: azure
azur: azure
azuye: azure
nzure: azure
pzure: azure
xzure: azure
pinen: linen
linen: linen
line: linen
einen: linen
linbn: linen
lcnen: linen
aurilia: aurelia
aurelip: aurelia
aure: aurelia
lurelia: aurelia
aurelya: aurelia
aurelia: aurelia
galvin: calvin
calvin: calvin
cavvin: calvin
ralvin: calvin
calv: calvin
cvlvin: calvin
ligh: light
light: light
lzght: light
ligbt: light
liyht: light
liggt: light
burjt: burnt
burnn: burnt
burnt: burnt
burnr: burnt
budnt: burnt
burn: burnt
poko: polo
pogo: polo
phlo: polo
polt: polo
polo: polo
iolo: polo
tquamarine: aquamarine
aquafarine: aquamarine
aquamarinm: aquamarine
aquamarine: aquamarine
auuamarine: aquamarine
mycha: mocha
moch: mocha
mochw: mocha
moche: mocha
morha: mocha
mocha: mocha
uan: van
vkn: van
vtn: van
jan: van
van: van
ran: van
ziolet: violet
qiolet: violet
viclet: violet
veolet: violet
violet: violet
viol: violet
magenja: magenta
bagenta: magenta
mage: magenta
magenia: magenta
magenta: magenta
maglnta: magenta
hunter: hunter
hanter: hunter
hunt: hunter
munter: hunter
hunrer: hunter
eunter: hunter
slati: slate
jlate: slate
slat: slate
slate: slate
clate: slate
slatf: slate
becge: beige
beige: beige
bpige: beige
beiwe: beige
beig: beige
boige: beige
xats: hats
hats: hats
jats: hats
hatd: hats
qats: hats
oats: hats
colmmbia: columbia
columbya: columbia
columbia: columbia
coluobia: columbia
colu: columbia
cxlumbia: columbia
cygn: cyan
cyay: cyan
gyan: cyan
uyan: cyan
cyan: cyan
cykn: cyan
fitqh: fitch
fitc: fitch
fitsh: fitch
fitcx: fitch
fitci: fitch
fitch: fitch
coran: coral
ctral: coral
corag: coral
corhl: coral
cora: coral
coral: coral
friendlh: friendly
yriendly: friendly
frie: friendly
frienfly: friendly
friendfy: friendly
friendly: friendly
xco: eco
eco: eco
efo: eco
oco: eco
jco: eco
eci: eco
bars: bars
baws: bars
bams: bars
bkrs: bars
barb: bars
pars: bars
griy: gray
gray: gray
wray: gray
grwy: gray
vray: gray
eray: gray
lilac: lilac
lila: lilac
milac: lilac
cilac: lilac
liljc: lilac
lilau: lilac
flahnel: flannel
flapnel: flannel
flannel: flannel
flanbel: flannel
fyannel: flannel
flan: flannel
leat: leather
lgather: leather
leather: leather
lvather: leather
leathpr: leather
leatmer: leather
sivnna: sienna
siecna: sienna
sien: sienna
oienna: sienna
sienna: sienna
sitnna: sienna
ebey: obey
obeq: obey
kbey: obey
obey: obey
obef: obey
obgy: obey
peacv: peach
peacs: peach
pelch: peach
pgach: peach
peach: peach
loui: louis
youis: louis
lhuis: louis
lopis: louis
louls: louis
louis: louis
fprn: fern
ferg: fern
farn: fern
fepn: fern
ferw: fern
fern: fern
dresses: dresses
dresszs: dresses
dresees: dresses
dresseb: dresses
drksses: dresses
celadrn: celadon
celadon: celadon
celadop: celadon
celcdon: celadon
cekadon: celadon
cela: celadon
low: low
lrw: low
lpw: low
lov: low
yow: low
lfw: low
parb: park
pyrk: park
paak: park
paik: park
parp: park
tporting: sporting
nporting: sporting
sporting: sporting
sporoing: sporting
sportixg: sporting
pulhovers: pullovers
pull: pullovers
puluovers: pullovers
prllovers: pullovers
pgllovers: pullovers
pullovers: pullovers
buck: bucket
buckmt: bucket
bucdet: bucket
bucket: bucket
buckat: bucket
bulket: bucket
jogg: jogger
joggea: jogger
joager: jogger
jogcer: jogger
joggkr: jogger
jogger: jogger
heusen: heusen
heunen: heusen
heesen: heusen
eeusen: heusen
hensen: heusen
heus: heusen
pilazzo: palazzo
palazzo: palazzo
pala: palazzo
pamazzo: palazzo
falazzo: palazzo
palxzzo: palazzo
varidian: viridian
viridkan: viridian
viri: viridian
virxdian: viridian
viridian: viridian
virpdian: viridian
swn: sun
kun: sun
sun: sun
szn: sun
suh: sun
sux: sun
bron: bronze
bgonze: bronze
brtnze: bronze
bronze: bronze
brenze: bronze
brbnze: bronze
pist: pistachio
eistachio: pistachio
xistachio: pistachio
pistachio: pistachio
pisttchio: pistachio
pistawhio: pistachio
qurta: kurta
kurta: kurta
kurtc: kurta
purta: kurta
kurtq: kurta
kurt: kurta
bermuza: bermuda
berm: bermuda
bermudz: bermuda
bermuda: bermuda
bermudl: bermuda
bekmuda: bermuda
amethyat: amethyst
amethybt: amethyst
amethyst: amethyst
amet: amethyst
dmethyst: amethyst
amethtst: amethyst
sesshell: seashell
reashell: seashell
seyshell: seashell
seas: seashell
seashelq: seashell
seashell: seashell
blazecs: blazers
xlazers: blazers
blazers: blazers
blaz: blazers
blmzers: blazers
blazevs: blazers
fedo: fedoras
fedoras: fedoras
fsdoras: fedoras
fmdoras: fedoras
cedoras: fedoras
dedoras: fedoras
kamerz: kameez
lameez: kameez
kabeez: kameez
kameez: kameez
kamemz: kameez
kame: kameez
jackwts: jackets
jackess: jackets
jack: jackets
jacrets: jackets
jackets: jackets
jacketb: jackets
cocstail: cocktail
qocktail: cocktail
cocktaid: cocktail
cicktail: cocktail
cock: cocktail
cocktail: cocktail
green-yellow: green-yellow
green-yollow: green-yellow
gredn-yellow: green-yellow
zreen-yellow: green-yellow
grcen-yellow: green-yellow
raxn: rain
hain: rain
rkin: rain
jain: rain
rhin: rain
goleros: boleros
boleros: boleros
boceros: boleros
bolerok: boleros
bwleros: boleros
bole: boleros
pme: pie
ple: pie
pie: pie
piq: pie
fie: pie
zie: pie
tjnk: tank
tanc: tank
taxk: tank
sank: tank
tahk: tank
tank: tank
pork: pork
pozk: pork
phrk: pork
qork: pork
lork: pork
porc: pork
drak: drab
drab: drab
draz: drab
drub: drab
arab: drab
drao: drab
cops: caps
caps: caps
capw: caps
cyps: caps
waps: caps
cbps: caps
patchwork: patchwork
patchworg: patchwork
patyhwork: patchwork
patchwkrk: patchwork
patc: patchwork
patcywork: patchwork
flups: flops
flops: flops
flop: flops
flopk: flops
flovs: flops
flope: flops
tangqrine: tangerine
tang: tangerine
tangerine: tangerine
tatgerine: tangerine
tangehine: tangerine
taneerine: tangerine
derbn: derby
derby: derby
derb: derby
derty: derby
ferby: derby
gerby: derby
rmlph: ralph
ralpp: ralph
rolph: ralph
ralph: ralph
ralp: ralph
rallh: ralph
cuml: curl
cupl: curl
cvrl: curl
cuel: curl
curl: curl
cuvl: curl
jans: jane
janu: jane
hane: jane
jage: jane
jafe: jane
jane: jane
ghakras: ghagras
ghjgras: ghagras
ghigras: ghagras
ghag: ghagras
ghagras: ghagras
ghagrag: ghagras
stmeetwear: streetwear
streetweas: streetwear
stre: streetwear
streetwexr: streetwear
streetwear: streetwear
streetweyr: streetwear
warm: warmers
marmers: warmers
warmers: warmers
zarmers: warmers
waamers: warmers
warmhrs: warmers
bafs: bags
bags: bags
bavs: bags
bagc: bags
bagq: bags
bago: bags
shcrt: shirt
shiro: shirt
shir: shirt
ehirt: shirt
shirt: shirt
ohirt: shirt
shrt: shirt
lapel: lapel
lkpel: lapel
laper: lapel
lape: lapel
oapel: lapel
iapel: lapel
liberty: liberty
libertk: liberty
libe: liberty
liberta: liberty
libeaty: liberty
libertl: liberty
ckrhartt: carhartt
camhartt: carhartt
carhartm: carhartt
carhartt: carhartt
carh: carhartt
carhbrtt: carhartt
trilvy: trilby
trilmy: trilby
tkilby: trilby
tailby: trilby
tril: trilby
trilby: trilby
dodg: dodger
dodgpr: dodger
dodgej: dodger
dgdger: dodger
dokger: dodger
dodger: dodger
epykar: spykar
spykaq: spykar
spykgr: spykar
spyk: spykar
opykar: spykar
spykar: spykar
asos: asos
ahos: asos
ajos: asos
asox: asos
azos: asos
asns: asos
high: high
hsgh: high
hrgh: high
hivh: high
gigh: high
hioh: high
machhne: machine
machiqe: machine
mzchine: machine
machine: machine
mach: machine
mafhine: machine
avinue: avenue
dvenue: avenue
avenke: avenue
aven: avenue
avenue: avenue
atenue: avenue
long: long
lopg: long
lomg: long
locg: long
ljng: long
loig: long
trencq: trench
trench: trench
taench: trench
brench: trench
teench: trench
tren: trench
larender: lavender
lafender: lavender
lavender: lavender
lavendeu: lavender
lavendbr: lavender
undmr: under
uwder: under
under: under
xnder: under
unde: under
undsr: under
unlqlo: uniqlo
uniclo: uniqlo
fniqlo: uniqlo
wniqlo: uniqlo
uniqlo: uniqlo
uniq: uniqlo
clot: clothing
clothinu: clothing
clothzng: clothing
clgthing: clothing
clothint: clothing
clothing: clothing
loayers: loafers
hoafers: loafers
loffers: loafers
loaf: loafers
loafert: loafers
loafers: loafers
powder: powder
powd: powder
pfwder: powder
powqer: powder
poeder: powder
pokder: powder
Saai: Sari
Sari: Sari
Sarx: Sari
lari: Sari
Sqri: Sari
Sark: Sari
sise: size
size: size
uize: size
sizo: size
srze: size
sizl: size
base: baseball
baseball: baseball
faseball: baseball
bajeball: baseball
baheball: baseball
basebasl: baseball
sareeu: sarees
sarels: sarees
sarees: sarees
sbrees: sarees
syrees: sarees
sare: sarees
dip: rip
rig: rip
rbp: rip
riq: rip
rip: rip
sip: rip
tevl: teal
tnal: teal
meal: teal
ueal: teal
tdal: teal
teal: teal
ben10: ben10
